"Vuosineljännes","Postinumero","Huoneluku","Lukumäärä","muutos","postialue_id"
"2024Q2","00160 Katajanokka   (Helsinki )","Yksiöt",113,30.05,"00160"
"2024Q2","00120 Punavuori   (Helsinki )","Yksiöt",180,29.73,"00120"
"2024Q2","00100 Helsinki Keskusta - Etu-Töölö   (Helsinki )","Yksiöt",804,29.63,"00100"
"2024Q2","00520 Itä-Pasila   (Helsinki )","Yksiöt",361,28.81,"00520"
"2024Q2","00270 Pohjois-Meilahti   (Helsinki )","Yksiöt",271,28.67,"00270"
"2024Q2","00250 Taka-Töölö   (Helsinki )","Yksiöt",595,28.61,"00250"
"2024Q2","00150 Eira - Hernesaari   (Helsinki )","Yksiöt",485,28.55,"00150"
"2024Q2","00130 Kaartinkaupunki   (Helsinki )","Yksiöt",35,28.47,"00130"
"2024Q2","00180 Kamppi - Ruoholahti   (Helsinki )","Yksiöt",342,28.37,"00180"
"2024Q2","00170 Kruununhaka   (Helsinki )","Yksiöt",193,28.29,"00170"
"2024Q2","00140 Kaivopuisto - Ullanlinna   (Helsinki )","Yksiöt",253,28.21,"00140"
"2024Q2","00560 Toukola-Vanhakaupunki   (Helsinki )","Yksiöt",116,27.91,"00560"
"2024Q2","00360 Pajamäki   (Helsinki )","Yksiöt",90,27.86,"00360"
"2024Q2","00500 Sörnäinen   (Helsinki )","Yksiöt",1252,27.6,"00500"
"2024Q2","00510 Etu-Vallila - Alppila   (Helsinki )","Yksiöt",745,27.45,"00510"
"2024Q2","00810 Herttoniemi   (Helsinki )","Yksiöt",133,27.43,"00810"
"2024Q2","02130 Pohjois-Tapiola   (Espoo )","Yksiöt",98,27.42,"02130"
"2024Q2","00400 Pohjois-Haaga   (Helsinki )","Yksiöt",340,27.25,"00400"
"2024Q2","00260 Keski-Töölö   (Helsinki )","Yksiöt",205,27.07,"00260"
"2024Q2","00200 Lauttasaari   (Helsinki )","Yksiöt",504,27.02,"00200"
"2024Q2","00530 Kallio   (Helsinki )","Yksiöt",1092,26.77,"00530"
"2024Q2","00350 Munkkivuori-Niemenmäki   (Helsinki )","Yksiöt",393,26.76,"00350"
"2024Q2","00330 Munkkiniemi   (Helsinki )","Yksiöt",177,26.35,"00330"
"2024Q2","00240 Länsi-Pasila   (Helsinki )","Yksiöt",65,26.31,"00240"
"2024Q2","00280 Ruskeasuo   (Helsinki )","Yksiöt",51,26.16,"00280"
"2024Q2","00320 Etelä-Haaga   (Helsinki )","Yksiöt",499,25.98,"00320"
"2024Q2","00300 Pikku Huopalahti   (Helsinki )","Yksiöt",55,25.9,"00300"
"2024Q2","01620 Martinlaakso   (Vantaa )","Yksiöt",496,25.88,"01620"
"2024Q2","02120 Länsikorkee-Suvikumpu   (Espoo )","Yksiöt",85,25.87,"02120"
"2024Q2","00820 Roihuvuori   (Helsinki )","Yksiöt",181,25.6,"00820"
"2024Q2","02110 Otsolahti   (Espoo )","Yksiöt",67,25.42,"02110"
"2024Q2","02600 Etelä-Leppävaara   (Espoo )","Yksiöt",521,25.27,"02600"
"2024Q2","00570 Kulosaari   (Helsinki )","Yksiöt",81,25.1,"00570"
"2024Q2","00930 Itäkeskus-Marjaniemi   (Helsinki )","Yksiöt",84,25.1,"00930"
"2024Q2","00550 Vallila   (Helsinki )","Yksiöt",334,25.09,"00550"
"2024Q2","02100 Tapiola   (Espoo )","Yksiöt",187,25,"02100"
"2024Q2","01400 Rekola   (Vantaa )","Yksiöt",52,24.72,"01400"
"2024Q2","00990 Aurinkolahti   (Helsinki )","Yksiöt",89,24.7,"00990"
"2024Q2","00390 Konala   (Helsinki )","Yksiöt",159,24.64,"00390"
"2024Q2","00790 Viikki   (Helsinki )","Yksiöt",45,24.63,"00790"
"2024Q2","00630 Maunula-Suursuo   (Helsinki )","Yksiöt",104,24.61,"00630"
"2024Q2","00800 Länsi-Herttoniemi   (Helsinki )","Yksiöt",88,24.58,"00800"
"2024Q2","00900 Puotinharju   (Helsinki )","Yksiöt",71,24.57,"00900"
"2024Q2","01700 Kivistö   (Vantaa )","Yksiöt",303,24.25,"01700"
"2024Q2","00730 Tapanila   (Helsinki )","Yksiöt",45,24.23,"00730"
"2024Q2","00980 Etelä-Vuosaari   (Helsinki )","Yksiöt",267,24.19,"00980"
"2024Q2","00960 Pohjois-Vuosaari   (Helsinki )","Yksiöt",137,24.15,"00960"
"2024Q2","01600 Myyrmäki   (Vantaa )","Yksiöt",428,24.15,"01600"
"2024Q2","00700 Malmi   (Helsinki )","Yksiöt",200,24.14,"00700"
"2024Q2","02150 Otaniemi   (Espoo )","Yksiöt",30,24.12,"02150"
"2024Q2","00430 Maununneva   (Helsinki )","Yksiöt",20,24.05,"00430"
"2024Q2","01300 Tikkurila   (Vantaa )","Yksiöt",433,24.02,"01300"
"2024Q2","00210 Vattuniemi   (Helsinki )","Yksiöt",68,23.97,"00210"
"2024Q2","00420 Kannelmäki   (Helsinki )","Yksiöt",335,23.96,"00420"
"2024Q2","01640 Hämevaara   (Vantaa )","Yksiöt",22,23.87,"01640"
"2024Q2","02940 Lippajärvi-Järvenperä   (Espoo )","Yksiöt",115,23.86,"02940"
"2024Q2","02710 Viherlaakso   (Espoo )","Yksiöt",99,23.84,"02710"
"2024Q2","02170 Haukilahti   (Espoo )","Yksiöt",45,23.82,"02170"
"2024Q2","02260 Kaitaa   (Espoo )","Yksiöt",29,23.71,"02260"
"2024Q2","00310 Kivihaka   (Helsinki )","Yksiöt",27,23.68,"00310"
"2024Q2","02610 Kilo   (Espoo )","Yksiöt",98,23.66,"02610"
"2024Q2","02620 Karakallio   (Espoo )","Yksiöt",114,23.64,"02620"
"2024Q2","00920 Myllypuro   (Helsinki )","Yksiöt",80,23.63,"00920"
"2024Q2","00610 Käpylä   (Helsinki )","Yksiöt",74,23.59,"00610"
"2024Q2","02230 Matinkylä   (Espoo )","Yksiöt",238,23.46,"02230"
"2024Q2","00640 Oulunkylä-Patola   (Helsinki )","Yksiöt",131,23.45,"00640"
"2024Q2","01610 Kaivoksela   (Vantaa )","Yksiöt",220,23.43,"01610"
"2024Q2","00840 Laajasalo   (Helsinki )","Yksiöt",124,23.32,"00840"
"2024Q2","00440 Lassila   (Helsinki )","Yksiöt",95,23.3,"00440"
"2024Q2","00370 Reimarla   (Helsinki )","Yksiöt",64,23.27,"00370"
"2024Q2","02770 Espoon Keskus   (Espoo )","Yksiöt",107,23.22,"02770"
"2024Q2","02700 Kauniainen   (Kauniainen )","Yksiöt",82,23.21,"02700"
"2024Q2","00620 Metsälä-Etelä-Oulunkylä   (Helsinki )","Yksiöt",24,23.12,"00620"
"2024Q2","01510 Kirkonkylä-Veromäki   (Vantaa )","Yksiöt",76,23.1,"01510"
"2024Q2","02330 Saunalahti-Kattilalaakso   (Espoo )","Yksiöt",159,23.1,"02330"
"2024Q2","02210 Olari   (Espoo )","Yksiöt",146,23.04,"02210"
"2024Q2","00910 Puotila   (Helsinki )","Yksiöt",177,22.92,"00910"
"2024Q2","00600 Koskela-Helsinki   (Helsinki )","Yksiöt",25,22.87,"00600"
"2024Q2","02720 Lähderanta   (Espoo )","Yksiöt",85,22.87,"02720"
"2024Q2","04250 Alikerava   (Kerava )","Yksiöt",103,22.72,"04250"
"2024Q2","02650 Pohjois-Leppävaara   (Espoo )","Yksiöt",149,22.68,"02650"
"2024Q2","00970 Mellunmäki   (Helsinki )","Yksiöt",149,22.59,"00970"
"2024Q2","00710 Pihlajamäki   (Helsinki )","Yksiöt",188,22.57,"00710"
"2024Q2","01200 Hakunila   (Vantaa )","Yksiöt",189,22.55,"01200"
"2024Q2","01350 Hiekkaharju   (Vantaa )","Yksiöt",233,22.51,"01350"
"2024Q2","02430 Masala   (Kirkkonummi )","Yksiöt",35,22.47,"02430"
"2024Q2","00720 Pukinmäki-Savela   (Helsinki )","Yksiöt",123,22.42,"00720"
"2024Q2","01520 Tammisto   (Vantaa )","Yksiöt",34,22.31,"01520"
"2024Q2","00410 Malminkartano   (Helsinki )","Yksiöt",86,22.26,"00410"
"2024Q2","00870 Etelä-Laajasalo   (Helsinki )","Yksiöt",20,22.12,"00870"
"2024Q2","02360 Soukka   (Espoo )","Yksiöt",160,22.1,"02360"
"2024Q2","02750 Sepänkylä-Kuurinniitty   (Espoo )","Yksiöt",24,21.92,"02750"
"2024Q2","00780 Tapaninvainio   (Helsinki )","Yksiöt",36,21.87,"00780"
"2024Q2","00740 Siltamäki   (Helsinki )","Yksiöt",39,21.7,"00740"
"2024Q2","00750 Puistola   (Helsinki )","Yksiöt",100,21.55,"00750"
"2024Q2","02760 Tuomarila-Suvela   (Espoo )","Yksiöt",189,21.47,"02760"
"2024Q2","01280 Länsimäki   (Vantaa )","Yksiöt",122,21.35,"01280"
"2024Q2","01230 Vaarala   (Vantaa )","Yksiöt",36,21.33,"01230"
"2024Q2","33210 Itä-Amuri-Tammerkoski   (Tampere )","Yksiöt",504,21.28,"33210"
"2024Q2","01710 Pähkinärinne   (Vantaa )","Yksiöt",121,21.12,"01710"
"2024Q2","01480 Mikkola   (Vantaa )","Yksiöt",74,21.05,"01480"
"2024Q2","20520 Kupittaa   (Turku )","Yksiöt",365,21.02,"20520"
"2024Q2","04410 Järvenpää Keskus   (Järvenpää )","Yksiöt",202,21,"04410"
"2024Q2","04260 Savio   (Kerava )","Yksiöt",106,20.91,"04260"
"2024Q2","33870 Vuores   (Lempäälä )","Yksiöt",258,20.91,"33870"
"2024Q2","33200 Tampere Keskus Läntinen   (Tampere )","Yksiöt",395,20.88,"33200"
"2024Q2","01360 Koivukylä-Havukoski   (Vantaa )","Yksiöt",216,20.85,"01360"
"2024Q2","33250 Pispala   (Tampere )","Yksiöt",117,20.8,"33250"
"2024Q2","33900 Härmälä-Rantaperkiö   (Tampere )","Yksiöt",494,20.74,"33900"
"2024Q2","33800 Nekala   (Tampere )","Yksiöt",508,20.71,"33800"
"2024Q2","01450 Korso   (Vantaa )","Yksiöt",178,20.57,"01450"
"2024Q2","01650 Vapaala   (Vantaa )","Yksiöt",33,20.48,"01650"
"2024Q2","04400 Loutti   (Järvenpää )","Yksiöt",201,20.47,"04400"
"2024Q2","04230 Pihkaniitty   (Kerava )","Yksiöt",30,20.46,"04230"
"2024Q2","33240 Tahmela   (Tampere )","Yksiöt",63,20.45,"33240"
"2024Q2","33500 Osmonmäki-Petsamo   (Tampere )","Yksiöt",588,20.44,"33500"
"2024Q2","80220 Penttilä   (Joensuu )","Yksiöt",162,20.35,"80220"
"2024Q2","02320 Espoonlahti   (Espoo )","Yksiöt",233,20.34,"02320"
"2024Q2","02400 Kirkkonummi Keskus   (Kirkkonummi )","Yksiöt",118,20.2,"02400"
"2024Q2","33340 Haukiluoma-Ikuri   (Tampere )","Yksiöt",54,20.2,"33340"
"2024Q2","04200 Kerava Keskus   (Kerava )","Yksiöt",226,20.19,"04200"
"2024Q2","40100 Jyväskylä Keskus   (Jyväskylä )","Yksiöt",869,20.16,"40100"
"2024Q2","00770 Jakomäki - Alppikylä   (Helsinki )","Yksiöt",28,20.14,"00770"
"2024Q2","33540 Kaleva   (Tampere )","Yksiöt",570,20.14,"33540"
"2024Q2","33100 Tampere Keskus   (Tampere )","Yksiöt",675,20.08,"33100"
"2024Q2","70100 Kuopio Keskus   (Kuopio )","Yksiöt",567,19.97,"70100"
"2024Q2","33400 Luoteis-Tampere   (Tampere )","Yksiöt",247,19.93,"33400"
"2024Q2","33580 Atala-Linnainmaa   (Tampere )","Yksiöt",202,19.86,"33580"
"2024Q2","04320 Riihikallio   (Tuusula )","Yksiöt",30,19.85,"04320"
"2024Q2","90400 Äimärautio   (Oulu )","Yksiöt",125,19.81,"90400"
"2024Q2","33850 Multisilta   (Pirkkala )","Yksiöt",50,19.79,"33850"
"2024Q2","70110 Etu-Niirala   (Kuopio )","Yksiöt",285,19.77,"70110"
"2024Q2","70840 Jynkänmäki   (Kuopio )","Yksiöt",74,19.77,"70840"
"2024Q2","06100 Porvoo Keskus   (Porvoo )","Yksiöt",212,19.72,"06100"
"2024Q2","70600 Niirala-Huuhanmäki   (Kuopio )","Yksiöt",107,19.69,"70600"
"2024Q2","90510 Hietasaari   (Oulu )","Yksiöt",24,19.52,"90510"
"2024Q2","40500 Keljo-Ristonmaa   (Jyväskylä )","Yksiöt",73,19.4,"40500"
"2024Q2","13100 Hämeenlinna Keskus   (Hämeenlinna )","Yksiöt",542,19.37,"13100"
"2024Q2","20100 Turku Keskus   (Turku )","Yksiöt",1889,19.35,"20100"
"2024Q2","01800 Klaukkala Keskus   (Nurmijärvi )","Yksiöt",90,19.27,"01800"
"2024Q2","20300 Pohjola-Kastu   (Turku )","Yksiöt",192,19.23,"20300"
"2024Q2","33520 Keskussairaala-alue-Kauppi   (Tampere )","Yksiöt",29,19.15,"33520"
"2024Q2","20500 Vesilinna   (Turku )","Yksiöt",595,19.14,"20500"
"2024Q2","90540 Kuivasjärvi   (Oulu )","Yksiöt",38,19.14,"90540"
"2024Q2","04430 Kinnari-Mikonkorpi   (Järvenpää )","Yksiöt",28,19.12,"04430"
"2024Q2","20700 Vartiovuori-Samppalinna   (Turku )","Yksiöt",321,19.09,"20700"
"2024Q2","90520 Taskila-Toppila   (Oulu )","Yksiöt",212,19.07,"90520"
"2024Q2","33230 Länsi-Amuri   (Tampere )","Yksiöt",147,19.06,"33230"
"2024Q2","05900 Vieremä   (Hyvinkää )","Yksiöt",88,19.03,"05900"
"2024Q2","70820 Litmanen   (Kuopio )","Yksiöt",26,19.02,"70820"
"2024Q2","70200 Puijonlaakso   (Kuopio )","Yksiöt",241,18.91,"70200"
"2024Q2","33720 Hervanta   (Tampere )","Yksiöt",965,18.8,"33720"
"2024Q2","04440 Jamppa   (Järvenpää )","Yksiöt",71,18.79,"04440"
"2024Q2","20610 Varissuo   (Turku )","Yksiöt",373,18.7,"20610"
"2024Q2","40700 Mäki-Matti   (Jyväskylä )","Yksiöt",291,18.65,"40700"
"2024Q2","20810 Martti-Korppolaismäki   (Turku )","Yksiöt",420,18.58,"20810"
"2024Q2","80100 Joensuu Keskus, Pohjoinen   (Joensuu )","Yksiöt",560,18.54,"80100"
"2024Q2","33560 Takahuhti   (Tampere )","Yksiöt",93,18.53,"33560"
"2024Q2","40530 Keljonkangas   (Jyväskylä )","Yksiöt",117,18.49,"40530"
"2024Q2","06400 Gammelbacka   (Porvoo )","Yksiöt",50,18.46,"06400"
"2024Q2","90100 Oulu Keskus   (Oulu )","Yksiöt",458,18.45,"90100"
"2024Q2","90570 Kaijonharju-Linnanmaa   (Oulu )","Yksiöt",339,18.4,"90570"
"2024Q2","15610 Laune-Nikkilä   (Lahti )","Yksiöt",24,18.38,"15610"
"2024Q2","40600 Mattilanpelto   (Jyväskylä )","Yksiöt",116,18.37,"40600"
"2024Q2","33710 Kaukajärvi   (Tampere )","Yksiöt",224,18.36,"33710"
"2024Q2","53900 Pallo-Tysterniemi-Leiri   (Lappeenranta )","Yksiöt",75,18.36,"53900"
"2024Q2","13200 Keinusaari   (Hämeenlinna )","Yksiöt",75,18.33,"13200"
"2024Q2","33410 Lentävänniemi   (Tampere )","Yksiöt",140,18.32,"33410"
"2024Q2","70780 Jynkkä   (Kuopio )","Yksiöt",26,18.31,"70780"
"2024Q2","53100 Lappeenranta keskus   (Lappeenranta )","Yksiöt",420,18.29,"53100"
"2024Q2","70340 Inkilänmäki   (Kuopio )","Yksiöt",47,18.28,"70340"
"2024Q2","80110 Joensuu Keskus Eteläinen   (Joensuu )","Yksiöt",341,18.25,"80110"
"2024Q2","33310 Tesoma   (Tampere )","Yksiöt",59,18.21,"33310"
"2024Q2","33530 Kissanmaa   (Tampere )","Yksiöt",111,18.21,"33530"
"2024Q2","05800 Hyvinkää Keskus   (Hyvinkää )","Yksiöt",190,18.16,"05800"
"2024Q2","96200 Sahanperä-Ratantaus   (Rovaniemi )","Yksiöt",179,18.12,"96200"
"2024Q2","05830 Kirjavatolppa-Kruununpuisto   (Hyvinkää )","Yksiöt",86,18.1,"05830"
"2024Q2","20720 Vasaramäki   (Turku )","Yksiöt",187,18.1,"20720"
"2024Q2","80200 Niinivaara   (Joensuu )","Yksiöt",155,18.05,"80200"
"2024Q2","33270 Epilä   (Tampere )","Yksiöt",84,18.02,"33270"
"2024Q2","53600 Kesämäki   (Lappeenranta )","Yksiöt",66,17.99,"53600"
"2024Q2","96100 Rovaniemi Keskus   (Rovaniemi )","Yksiöt",315,17.97,"96100"
"2024Q2","80140 Noljakka   (Joensuu )","Yksiöt",55,17.96,"80140"
"2024Q2","40200 Mannila-Taulumäki   (Jyväskylä )","Yksiöt",179,17.95,"40200"
"2024Q2","40720 Nisula   (Jyväskylä )","Yksiöt",128,17.91,"40720"
"2024Q2","20540 Nummi-Ylioppilaskylä   (Turku )","Yksiöt",320,17.88,"20540"
"2024Q2","06150 Kevätkumpu   (Porvoo )","Yksiöt",39,17.84,"06150"
"2024Q2","15100 Lahti Asemanseutu   (Lahti )","Yksiöt",215,17.8,"15100"
"2024Q2","70150 Neulamäki   (Kuopio )","Yksiöt",154,17.8,"70150"
"2024Q2","40320 Seppälän Teollisuusalue   (Jyväskylä )","Yksiöt",118,17.79,"40320"
"2024Q2","40520 Kuokkala-Ristikivi   (Jyväskylä )","Yksiöt",160,17.74,"40520"
"2024Q2","90130 Raksila   (Oulu )","Yksiöt",256,17.69,"90130"
"2024Q2","15110 Keski-Lahti   (Lahti )","Yksiöt",268,17.64,"15110"
"2024Q2","20200 Iso-Heikkilä   (Turku )","Yksiöt",140,17.61,"20200"
"2024Q2","33300 Rahola   (Tampere )","Yksiöt",77,17.6,"33300"
"2024Q2","03100 Nummela   (Vihti )","Yksiöt",147,17.57,"03100"
"2024Q2","01900 Nurmijärvi Keskus   (Nurmijärvi )","Yksiöt",61,17.56,"01900"
"2024Q2","15140 Kartano-Paavola   (Lahti )","Yksiöt",451,17.5,"15140"
"2024Q2","60320 Alakylä-Jouppi   (Seinäjoki )","Yksiöt",62,17.46,"60320"
"2024Q2","65100 Vaasa Keskus   (Vaasa )","Yksiöt",704,17.45,"65100"
"2024Q2","04130 Sipoo   (Sipoo )","Yksiöt",35,17.43,"04130"
"2024Q2","67200 Kiviniitty-Tullimäki   (Kokkola )","Yksiöt",38,17.4,"67200"
"2024Q2","50130 Nuijamies   (Mikkeli )","Yksiöt",33,17.39,"50130"
"2024Q2","90530 Välivainio   (Oulu )","Yksiöt",233,17.37,"90530"
"2024Q2","13130 Kauriala   (Hämeenlinna )","Yksiöt",158,17.35,"13130"
"2024Q2","33820 Koivistonkylä   (Tampere )","Yksiöt",37,17.35,"33820"
"2024Q2","96300 Niemelänkangas-Korvanniemi   (Rovaniemi )","Yksiöt",172,17.31,"96300"
"2024Q2","90420 Metsokangas   (Oulu )","Yksiöt",74,17.29,"90420"
"2024Q2","90120 Heinäpää   (Oulu )","Yksiöt",431,17.24,"90120"
"2024Q2","90500 Tuira   (Oulu )","Yksiöt",748,17.21,"90500"
"2024Q2","90230 Värttö-Maikkula   (Oulu )","Yksiöt",80,17.19,"90230"
"2024Q2","20880 Uittamo   (Turku )","Yksiöt",62,17.17,"20880"
"2024Q2","02410 Gesterby   (Kirkkonummi )","Yksiöt",41,17.12,"02410"
"2024Q2","20740 Ilpoinen-Harittu   (Turku )","Yksiöt",59,17.09,"20740"
"2024Q2","08100 Lohja Keskus   (Lohja )","Yksiöt",107,17.08,"08100"
"2024Q2","70700 Särkiniemi   (Kuopio )","Yksiöt",37,17.08,"70700"
"2024Q2","15700 Hennala-Jokimaa   (Hollola )","Yksiöt",89,17.05,"15700"
"2024Q2","20360 Kärsämäki-Urusvuori-Halinen   (Turku )","Yksiöt",191,17.04,"20360"
"2024Q2","70500 Männistö   (Kuopio )","Yksiöt",174,16.98,"70500"
"2024Q2","67100 Kokkola Keskus   (Kokkola )","Yksiöt",181,16.96,"67100"
"2024Q2","50100 Mikkeli Keskus   (Mikkeli )","Yksiöt",282,16.86,"50100"
"2024Q2","20320 Kuninkoja-Mälikkälä   (Turku )","Yksiöt",281,16.85,"20320"
"2024Q2","33960 Suuppa   (Pirkkala )","Yksiöt",51,16.84,"33960"
"2024Q2","70620 Haapaniemi   (Kuopio )","Yksiöt",35,16.84,"70620"
"2024Q2","40420 Jyskä   (Jyväskylä )","Yksiöt",62,16.82,"40420"
"2024Q2","13210 Hätilä   (Hämeenlinna )","Yksiöt",82,16.79,"13210"
"2024Q2","53850 Skinnarila   (Lappeenranta )","Yksiöt",130,16.79,"53850"
"2024Q2","96400 Pullinranta-Kiiruna   (Rovaniemi )","Yksiöt",29,16.76,"96400"
"2024Q2","33840 Peltolammi   (Tampere )","Yksiöt",39,16.7,"33840"
"2024Q2","70280 Länsi-Puijo   (Kuopio )","Yksiöt",44,16.67,"70280"
"2024Q2","90150 Höyhtyä   (Oulu )","Yksiöt",92,16.6,"90150"
"2024Q2","70460 Saarijärvi   (Kuopio )","Yksiöt",51,16.58,"70460"
"2024Q2","20210 Pahaniemi   (Turku )","Yksiöt",89,16.57,"20210"
"2024Q2","90140 Karjasilta   (Oulu )","Yksiöt",131,16.57,"90140"
"2024Q2","40740 Kortepohja   (Jyväskylä )","Yksiöt",127,16.44,"40740"
"2024Q2","87100 Kajaani Keskus   (Kajaani )","Yksiöt",281,16.38,"87100"
"2024Q2","04600 Mäntsälä Keskus   (Mäntsälä )","Yksiöt",53,16.37,"04600"
"2024Q2","05200 Rajamäki   (Nurmijärvi )","Yksiöt",26,16.35,"05200"
"2024Q2","15150 Möysä   (Lahti )","Yksiöt",128,16.33,"15150"
"2024Q2","37500 Lempäälä Keskus   (Lempäälä )","Yksiöt",60,16.32,"37500"
"2024Q2","50120 Siekkilä   (Mikkeli )","Yksiöt",33,16.22,"50120"
"2024Q2","40250 Ritoniemi-Lohikoski   (Jyväskylä )","Yksiöt",49,16.2,"40250"
"2024Q2","13600 Ojoinen   (Hämeenlinna )","Yksiöt",56,16.16,"13600"
"2024Q2","80230 Hukanhauta   (Joensuu )","Yksiöt",25,16.12,"80230"
"2024Q2","65200 Palosaari   (Vaasa )","Yksiöt",183,16.11,"65200"
"2024Q2","48100 Kotkansaari   (Kotka )","Yksiöt",322,16.1,"48100"
"2024Q2","11100 Riihimäki Keskus   (Riihimäki )","Yksiöt",198,16.09,"11100"
"2024Q2","20760 Piispanristi   (Kaarina )","Yksiöt",47,16.07,"20760"
"2024Q2","21200 Raisio Keskus   (Raisio )","Yksiöt",160,16.07,"21200"
"2024Q2","28130 Impola   (Pori )","Yksiöt",279,16.06,"28130"
"2024Q2","90650 Haapalehto   (Oulu )","Yksiöt",74,16.06,"90650"
"2024Q2","03400 Vihti Kirkonkylä   (Vihti )","Yksiöt",26,15.96,"03400"
"2024Q2","37100 Nokia Keskus   (Nokia )","Yksiöt",131,15.91,"37100"
"2024Q2","60200 Törnävä   (Seinäjoki )","Yksiöt",124,15.91,"60200"
"2024Q2","33470 Ylöjärvi Keskus   (Ylöjärvi )","Yksiöt",38,15.9,"33470"
"2024Q2","60100 Seinäjoki Keskus   (Seinäjoki )","Yksiöt",324,15.89,"60100"
"2024Q2","05880 Paavola-Vaivero   (Hyvinkää )","Yksiöt",36,15.88,"05880"
"2024Q2","60550 Nurmo Keskus   (Seinäjoki )","Yksiöt",22,15.88,"60550"
"2024Q2","80260 Kettuvaara   (Joensuu )","Yksiöt",61,15.85,"80260"
"2024Q2","40400 Halssila   (Jyväskylä )","Yksiöt",31,15.84,"40400"
"2024Q2","15210 Kivistönmäki   (Lahti )","Yksiöt",100,15.79,"15210"
"2024Q2","40630 Kypärämäki   (Jyväskylä )","Yksiöt",23,15.79,"40630"
"2024Q2","80160 Rantakylä-Latola   (Joensuu )","Yksiöt",121,15.79,"80160"
"2024Q2","13500 Jukola   (Hattula )","Yksiöt",39,15.78,"13500"
"2024Q2","90440 Kempele Keskus   (Kempele )","Yksiöt",25,15.75,"90440"
"2024Q2","71800 Siilinjärvi Keskus   (Siilinjärvi )","Yksiöt",69,15.67,"71800"
"2024Q2","60120 Pohja   (Seinäjoki )","Yksiöt",34,15.66,"60120"
"2024Q2","36200 Kangasala Keskus   (Kangasala )","Yksiöt",62,15.64,"36200"
"2024Q2","11130 Peltosaari-Patastenmäki   (Riihimäki )","Yksiöt",112,15.63,"11130"
"2024Q2","37120 Koskenmäki   (Nokia )","Yksiöt",52,15.61,"37120"
"2024Q2","90250 Kaukovainio   (Oulu )","Yksiöt",233,15.57,"90250"
"2024Q2","15200 Kiveriö   (Lahti )","Yksiöt",90,15.56,"15200"
"2024Q2","08700 Virkkala   (Lohja )","Yksiöt",24,15.54,"08700"
"2024Q2","87300 Palokangas   (Kajaani )","Yksiöt",20,15.52,"87300"
"2024Q2","36240 Nattari   (Kangasala )","Yksiöt",39,15.47,"36240"
"2024Q2","45100 Kouvola Keskus   (Kouvola )","Yksiöt",210,15.46,"45100"
"2024Q2","20780 Kaarina Keskus   (Kaarina )","Yksiöt",53,15.44,"20780"
"2024Q2","15170 Tenava-Tonttila   (Lahti )","Yksiöt",102,15.43,"15170"
"2024Q2","60510 Hyllykallio   (Seinäjoki )","Yksiöt",25,15.43,"60510"
"2024Q2","15800 Kärpänen   (Lahti )","Yksiöt",109,15.33,"15800"
"2024Q2","53810 Kuusimäki-Lavola   (Lappeenranta )","Yksiöt",80,15.33,"53810"
"2024Q2","33880 Höytämö   (Lempäälä )","Yksiöt",23,15.31,"33880"
"2024Q2","87200 Teppana   (Kajaani )","Yksiöt",31,15.31,"87200"
"2024Q2","40340 Huhtasuo   (Jyväskylä )","Yksiöt",181,15.24,"40340"
"2024Q2","08350 Routio   (Lohja )","Yksiöt",24,15.17,"08350"
"2024Q2","95400 Tornio Keskus   (Tornio )","Yksiöt",70,15.16,"95400"
"2024Q2","45130 Korjala-Kaunisnurmi   (Kouvola )","Yksiöt",101,15.14,"45130"
"2024Q2","60220 Huhtala   (Seinäjoki )","Yksiöt",30,15.13,"60220"
"2024Q2","90550 Pyykösjärvi-Puolivälikangas   (Oulu )","Yksiöt",59,15.13,"90550"
"2024Q2","20750 Huhkola-Lauste-Vaala   (Turku )","Yksiöt",50,15.12,"20750"
"2024Q2","11120 Pohjois-Riihimäki   (Riihimäki )","Yksiöt",36,15.08,"11120"
"2024Q2","53920 Voisalmi   (Lappeenranta )","Yksiöt",74,15.08,"53920"
"2024Q2","10900 Hanko Keskus   (Hanko )","Yksiöt",20,15.07,"10900"
"2024Q2","15240 Mukkula   (Lahti )","Yksiöt",82,14.97,"15240"
"2024Q2","50170 Peitsari   (Mikkeli )","Yksiöt",42,14.95,"50170"
"2024Q2","90560 Koskela-Oulu   (Oulu )","Yksiöt",78,14.94,"90560"
"2024Q2","15950 Kiikkula   (Lahti )","Yksiöt",21,14.92,"15950"
"2024Q2","68620 Skutnäs-Västermalm   (Pietarsaari )","Yksiöt",36,14.9,"68620"
"2024Q2","74100 Iisalmi Keskus, Eteläinen   (Iisalmi )","Yksiöt",115,14.85,"74100"
"2024Q2","28100 Pori Keskus   (Pori )","Yksiöt",559,14.82,"28100"
"2024Q2","40800 Vaajakoski   (Jyväskylä )","Yksiöt",61,14.81,"40800"
"2024Q2","21420 Lieto Keskus   (Lieto )","Yksiöt",44,14.8,"21420"
"2024Q2","96440 Ounasrinne   (Rovaniemi )","Yksiöt",27,14.68,"96440"
"2024Q2","36220 Suorama   (Kangasala )","Yksiöt",23,14.67,"36220"
"2024Q2","88600 Sotkamo Keskus   (Sotkamo )","Yksiöt",35,14.67,"88600"
"2024Q2","65320 Huutoniemi   (Vaasa )","Yksiöt",28,14.56,"65320"
"2024Q2","15520 Saksala   (Lahti )","Yksiöt",44,14.55,"15520"
"2024Q2","07900 Loviisa Keskus   (Loviisa )","Yksiöt",47,14.53,"07900"
"2024Q2","96500 Korkalovaara   (Rovaniemi )","Yksiöt",64,14.53,"96500"
"2024Q2","15500 Liipola   (Lahti )","Yksiöt",55,14.52,"15500"
"2024Q2","57130 Savonlinna Keskus   (Savonlinna )","Yksiöt",65,14.52,"57130"
"2024Q2","93600 Kuusamo   (Kuusamo )","Yksiöt",57,14.5,"93600"
"2024Q2","21100 Naantali Keskus   (Naantali )","Yksiöt",43,14.46,"21100"
"2024Q2","57100 Heikinpohja-Piispanmäki   (Savonlinna )","Yksiöt",116,14.46,"57100"
"2024Q2","15830 Metsäkangas   (Lahti )","Yksiöt",53,14.45,"15830"
"2024Q2","26100 Rauma Keskus   (Rauma )","Yksiöt",261,14.44,"26100"
"2024Q2","10600 Tammisaari Keskus   (Raasepori )","Yksiöt",53,14.41,"10600"
"2024Q2","67800 Koivuhaka   (Kokkola )","Yksiöt",23,14.38,"67800"
"2024Q2","87500 Lehtikangas   (Kajaani )","Yksiöt",34,14.29,"87500"
"2024Q2","10300 Karjaa Keskus   (Raasepori )","Yksiöt",47,14.26,"10300"
"2024Q2","03600 Karkkila Keskus   (Karkkila )","Yksiöt",40,14.19,"03600"
"2024Q2","24100 Salo Keskus   (Salo )","Yksiöt",208,14.18,"24100"
"2024Q2","21500 Piikkiö   (Kaarina )","Yksiöt",20,14.16,"21500"
"2024Q2","53950 Kivisalmi   (Lappeenranta )","Yksiöt",22,14.15,"53950"
"2024Q2","53300 Lauritsala-Mälkiä   (Lappeenranta )","Yksiöt",33,14.14,"53300"
"2024Q2","90830 Haukipudas Keskus   (Oulu )","Yksiöt",24,14.13,"90830"
"2024Q2","65350 Suvilahti   (Vaasa )","Yksiöt",25,14.11,"65350"
"2024Q2","37600 Valkeakoski Keskus   (Valkeakoski )","Yksiöt",103,14.09,"37600"
"2024Q2","49400 Hamina Keskus   (Hamina )","Yksiöt",83,13.95,"49400"
"2024Q2","65230 Vetokannas   (Vaasa )","Yksiöt",25,13.94,"65230"
"2024Q2","55100 Imatra Keskus   (Imatra )","Yksiöt",90,13.93,"55100"
"2024Q2","94100 Kemi Keskus   (Kemi )","Yksiöt",154,13.93,"94100"
"2024Q2","40640 Keltinmäki   (Jyväskylä )","Yksiöt",108,13.91,"40640"
"2024Q2","57210 Nojanmaa   (Savonlinna )","Yksiöt",21,13.86,"57210"
"2024Q2","65370 Ristinummi   (Vaasa )","Yksiöt",27,13.74,"65370"
"2024Q2","10650 Flyet   (Raasepori )","Yksiöt",21,13.71,"10650"
"2024Q2","68600 Pietarsaari Keskus   (Pietarsaari )","Yksiöt",76,13.7,"68600"
"2024Q2","45200 Tornionmäki   (Kouvola )","Yksiöt",135,13.69,"45200"
"2024Q2","37630 Vääräkoivu   (Valkeakoski )","Yksiöt",61,13.62,"37630"
"2024Q2","15860 Kartano   (Hollola )","Yksiöt",40,13.6,"15860"
"2024Q2","74120 Iisalmi Keskus Pohjoinen   (Iisalmi )","Yksiöt",53,13.6,"74120"
"2024Q2","50160 Kattilansilta   (Mikkeli )","Yksiöt",24,13.59,"50160"
"2024Q2","60150 Kasperi   (Seinäjoki )","Yksiöt",32,13.59,"60150"
"2024Q2","95430 Suensaari   (Tornio )","Yksiöt",44,13.54,"95430"
"2024Q2","24240 Rappula   (Salo )","Yksiöt",47,13.53,"24240"
"2024Q2","26200 Merirauma-Kappelinluhta   (Rauma )","Yksiöt",24,13.49,"26200"
"2024Q2","37800 Toijala keskus   (Akaa )","Yksiöt",60,13.48,"37800"
"2024Q2","48200 Hovinsaari   (Kotka )","Yksiöt",68,13.48,"48200"
"2024Q2","54100 Joutseno Keskus   (Lappeenranta )","Yksiöt",33,13.48,"54100"
"2024Q2","57170 Sortteerinlahti-Talvisalo   (Savonlinna )","Yksiöt",43,13.47,"57170"
"2024Q2","14200 Turenki   (Janakkala )","Yksiöt",35,13.46,"14200"
"2024Q2","38200 Vammala Keskus   (Sastamala )","Yksiöt",74,13.43,"38200"
"2024Q2","37830 Viiala Keskus   (Akaa )","Yksiöt",29,13.42,"37830"
"2024Q2","84100 Ylivieska Keskus   (Ylivieska )","Yksiöt",96,13.42,"84100"
"2024Q2","17200 Vääksy Keskus   (Asikkala )","Yksiöt",32,13.39,"17200"
"2024Q2","48600 Karhula   (Kotka )","Yksiöt",122,13.35,"48600"
"2024Q2","92100 Raahe Keskus   (Raahe )","Yksiöt",82,13.33,"92100"
"2024Q2","45700 Kuusankoski Keskus   (Kouvola )","Yksiöt",113,13.2,"45700"
"2024Q2","45160 Lehtomäki   (Kouvola )","Yksiöt",53,13.16,"45160"
"2024Q2","48700 Kyminlinna   (Kotka )","Yksiöt",31,13.16,"48700"
"2024Q2","16300 Orimattila Keskus   (Orimattila )","Yksiöt",69,13.15,"16300"
"2024Q2","41340 Laukaa Keskus   (Laukaa )","Yksiöt",33,13.13,"41340"
"2024Q2","55120 Mansikkala-Tuulikallio   (Imatra )","Yksiöt",97,13.13,"55120"
"2024Q2","23500 Uusikaupunki Keskus   (Uusikaupunki )","Yksiöt",70,13.12,"23500"
"2024Q2","44100 Äänekoski Keskus   (Äänekoski )","Yksiöt",83,13.09,"44100"
"2024Q2","28360 Vanhakoivisto   (Pori )","Yksiöt",30,13.05,"28360"
"2024Q2","57200 Miekonniemi-Venäjänniemi   (Savonlinna )","Yksiöt",29,13.04,"57200"
"2024Q2","28120 Käppärä-Isomäki   (Pori )","Yksiöt",72,13.03,"28120"
"2024Q2","21530 Paimio Keskus   (Paimio )","Yksiöt",62,13,"21530"
"2024Q2","28610 Musa-Tiiliruukki   (Pori )","Yksiöt",32,12.98,"28610"
"2024Q2","21600 Parainen Keskus   (Parainen )","Yksiöt",29,12.94,"21600"
"2024Q2","91500 Muhos Keskus   (Muhos )","Yksiöt",20,12.88,"91500"
"2024Q2","18100 Heinola Keskus   (Heinola )","Yksiöt",81,12.82,"18100"
"2024Q2","26660 Paroalho   (Rauma )","Yksiöt",39,12.78,"26660"
"2024Q2","15560 Nastola kk   (Lahti )","Yksiöt",33,12.67,"15560"
"2024Q2","28600 Vähärauma   (Pori )","Yksiöt",31,12.65,"28600"
"2024Q2","48350 Karhuvuori   (Kotka )","Yksiöt",97,12.65,"48350"
"2024Q2","55610 Rajapatsas-Teppanala   (Imatra )","Yksiöt",23,12.62,"55610"
"2024Q2","30420 Tölö   (Forssa )","Yksiöt",56,12.51,"30420"
"2024Q2","38210 Vammala Asemanseutu   (Sastamala )","Yksiöt",26,12.46,"38210"
"2024Q2","35300 Orivesi Keskus   (Orivesi )","Yksiöt",43,12.41,"35300"
"2024Q2","55800 Vuoksenniska-Saarlampi   (Imatra )","Yksiöt",44,12.39,"55800"
"2024Q2","45150 Kankaronmäki-Eskolanmäki   (Kouvola )","Yksiöt",83,12.35,"45150"
"2024Q2","73300 Nilsiä Keskus   (Kuopio )","Yksiöt",21,12.35,"73300"
"2024Q2","30100 Forssa Keskus   (Tammela )","Yksiöt",177,12.33,"30100"
"2024Q2","46800 Myllykoski   (Kouvola )","Yksiöt",23,12.32,"46800"
"2024Q2","24260 Ollikkala   (Salo )","Yksiöt",28,12.25,"24260"
"2024Q2","94700 Takajärvi-Haukkari   (Kemi )","Yksiöt",28,12.23,"94700"
"2024Q2","28190 Pormestarinluoto   (Pori )","Yksiöt",57,12.09,"28190"
"2024Q2","39200 Kyröskoski   (Hämeenkyrö )","Yksiöt",22,12.07,"39200"
"2024Q2","83500 Outokumpu Keskus   (Outokumpu )","Yksiöt",49,12.06,"83500"
"2024Q2","51900 Juva Keskus   (Juva )","Yksiöt",20,12.05,"51900"
"2024Q2","16600 Järvelä   (Kärkölä )","Yksiöt",23,12.01,"16600"
"2024Q2","32700 Huittinen Keskus   (Huittinen )","Yksiöt",51,11.98,"32700"
"2024Q2","42100 Jämsä Keskus   (Jämsä )","Yksiöt",84,11.96,"42100"
"2024Q2","61300 Kurikka Keskus   (Kurikka )","Yksiöt",21,11.96,"61300"
"2024Q2","42700 Keuruu Keskus   (Keuruu )","Yksiöt",73,11.95,"42700"
"2024Q2","44500 Viitasaari Keskus   (Viitasaari )","Yksiöt",39,11.93,"44500"
"2024Q2","75530 Porokylä   (Nurmes )","Yksiöt",26,11.83,"75530"
"2024Q2","63300 Alavus Keskus   (Alavus )","Yksiöt",22,11.81,"63300"
"2024Q2","62100 Lapua Keskus   (Lapua )","Yksiöt",24,11.8,"62100"
"2024Q2","28370 Sampola   (Pori )","Yksiöt",53,11.79,"28370"
"2024Q2","28400 Ulvila Keskus   (Ulvila )","Yksiöt",23,11.79,"28400"
"2024Q2","38700 Kankaanpää Keskus   (Kankaanpää )","Yksiöt",46,11.78,"38700"
"2024Q2","39500 Ikaalinen Keskus   (Ikaalinen )","Yksiöt",38,11.77,"39500"
"2024Q2","31400 Somero Keskus   (Somero )","Yksiöt",35,11.72,"31400"
"2024Q2","18130 Tommola-Sahanniemi   (Heinola )","Yksiöt",24,11.71,"18130"
"2024Q2","32200 Loimaa Keskus   (Loimaa )","Yksiöt",81,11.69,"32200"
"2024Q2","61800 Kauhajoki Keskus   (Kauhajoki )","Yksiöt",41,11.69,"61800"
"2024Q2","60800 Ilmajoki Keskus   (Ilmajoki )","Yksiöt",22,11.68,"60800"
"2024Q2","77600 Suonenjoki Keskus   (Suonenjoki )","Yksiöt",34,11.67,"77600"
"2024Q2","18200 Kaakonlampi-Pyhätön   (Heinola )","Yksiöt",27,11.66,"18200"
"2024Q2","75500 Nurmes Keskus   (Nurmes )","Yksiöt",24,11.64,"75500"
"2024Q2","79100 Leppävirta Keskus   (Leppävirta )","Yksiöt",33,11.63,"79100"
"2024Q2","18150 Jyränkö   (Heinola )","Yksiöt",31,11.61,"18150"
"2024Q2","44150 Likolahti-Karhunlähde   (Äänekoski )","Yksiöt",35,11.6,"44150"
"2024Q2","73100 Lapinlahti Keskus   (Lapinlahti )","Yksiöt",60,11.58,"73100"
"2024Q2","82500 Kitee Keskus   (Kitee )","Yksiöt",29,11.58,"82500"
"2024Q2","39700 Parkano Keskus   (Parkano )","Yksiöt",30,11.57,"39700"
"2024Q2","78200 Varkaus Keskus   (Leppävirta )","Yksiöt",142,11.55,"78200"
"2024Q2","85500 Nivala Keskus   (Nivala )","Yksiöt",36,11.51,"85500"
"2024Q2","76150 Länsirinne   (Pieksämäki )","Yksiöt",47,11.5,"76150"
"2024Q2","81700 Lieksa Keskus   (Lieksa )","Yksiöt",41,11.48,"81700"
"2024Q2","28330 Koivistonluoto   (Pori )","Yksiöt",26,11.47,"28330"
"2024Q2","35800 Mänttä   (Mänttä-Vilppula )","Yksiöt",46,11.45,"35800"
"2024Q2","74700 Kiuruvesi Keskus   (Kiuruvesi )","Yksiöt",39,11.4,"74700"
"2024Q2","43100 Saarijärvi Keskus   (Saarijärvi )","Yksiöt",58,11.36,"43100"
"2024Q2","63700 Ähtäri Keskus   (Ähtäri )","Yksiöt",26,11.35,"63700"
"2024Q2","76100 Pieksämäki Keskus   (Pieksämäki )","Yksiöt",64,11.29,"76100"
"2024Q2","86300 Oulainen Keskus   (Oulainen )","Yksiöt",41,11.27,"86300"
"2024Q2","44200 Suolahti Keskus   (Äänekoski )","Yksiöt",38,11.26,"44200"
"2024Q2","30300 Viksberg   (Forssa )","Yksiöt",45,11.18,"30300"
"2024Q2","42300 Jämsänkoski Keskus   (Jämsä )","Yksiöt",27,11.17,"42300"
"2024Q2","51200 Kangasniemi Keskus   (Kangasniemi )","Yksiöt",26,11.15,"51200"
"2024Q2","29200 Harjavalta Keskus   (Harjavalta )","Yksiöt",44,11.02,"29200"
"2024Q2","32800 Kokemäki Keskus   (Kokemäki )","Yksiöt",24,10.52,"32800"
